tweet_id,text,label,emoji
1,"I love this new product! It's amazing!",positive,ğŸ˜
2,"This service is terrible. Worst experience ever.",negative,ğŸ˜¡
3,"The weather is nice today.",neutral,ğŸ˜Š
4,"Can't believe how good this movie was!",positive,ğŸ‰
5,"Disappointed with the quality.",negative,ğŸ˜
6,"Just another regular day.",neutral,ğŸ˜
7,"This food is delicious!",positive,ğŸ˜‹
8,"Customer service was unhelpful.",negative,ğŸ˜¤
9,"The meeting went as expected.",neutral,ğŸ¤”
10,"Fantastic results from the project!",positive,ğŸš€
